{
  "nextRoadId": 6,
  "nextZoneId": 19,
  "roads": [
    {
      "id": 1,
      "pts": [
        [
          -24.0,
          0.0,
          16.0
        ],
        [
          -17.890949249267578,
          0.0,
          14.36308479309082
        ],
        [
          -8.068140983581543,
          0.0,
          11.731071472167969
        ],
        [
          -0.09755516052246094,
          0.0,
          9.595359802246094
        ],
        [
          5.990487098693848,
          0.0,
          7.964073657989502
        ],
        [
          12.000106811523438,
          0.0,
          7.964073657989502
        ],
        [
          630.0,
          0.0,
          -80.0
        ]
      ]
    },
    {
      "id": 2,
      "pts": [
        [
          108.0,
          0.0,
          -44.0
        ],
        [
          108.0,
          0.0,
          -38.0
        ],
        [
          109.63691711425781,
          0.0,
          -31.890949249267578
        ],
        [
          109.63691711425781,
          0.0,
          -23.99165153503418
        ],
        [
          109.63691711425781,
          0.0,
          -17.989009857177734
        ],
        [
          109.63691711425781,
          0.0,
          -11.989004135131836
        ],
        [
          109.63691711425781,
          0.0,
          -5.989004135131836
        ],
        [
          72.0,
          0.0,
          100.0
        ]
      ]
    },
    {
      "id": 3,
      "pts": [
        [
          416.0,
          0.0,
          152.0
        ],
        [
          418.7875671386719,
          0.0,
          141.59666442871094
        ],
        [
          422.4035339355469,
          0.0,
          128.10171508789063
        ],
        [
          422.4035339355469,
          0.0,
          109.92973327636719
        ],
        [
          428.26129150390625,
          0.0,
          88.06834411621094
        ],
        [
          428.26129150390625,
          0.0,
          65.93161010742188
        ],
        [
          433.13421630859375,
          0.0,
          47.745628356933594
        ],
        [
          436.7683410644531,
          0.0,
          34.18288040161133
        ],
        [
          436.7683410644531,
          0.0,
          19.979202270507813
        ],
        [
          438.85797119140625,
          0.0,
          12.180604934692383
        ],
        [
          438.85797119140625,
          0.0,
          1.9361457824707031
        ],
        [
          440.93316650390625,
          0.0,
          -5.808546543121338
        ],
        [
          440.93316650390625,
          0.0,
          -16.042633056640625
        ],
        [
          443.0111083984375,
          0.0,
          -23.79762840270996
        ],
        [
          443.0111083984375,
          0.0,
          -36.04182052612305
        ],
        [
          443.0111083984375,
          0.0,
          -46.05120086669922
        ],
        [
          443.0111083984375,
          0.0,
          -58.042701721191406
        ],
        [
          443.0111083984375,
          0.0,
          -70.04267120361328
        ],
        [
          443.0111083984375,
          0.0,
          -78.06398010253906
        ],
        [
          440.8142395019531,
          0.0,
          -86.2628173828125
        ],
        [
          440.8142395019531,
          0.0,
          -94.042724609375
        ],
        [
          438.6297302246094,
          0.0,
          -102.19540405273438
        ],
        [
          436.0024108886719,
          0.0,
          -112.00064849853516
        ],
        [
          436.0024108886719,
          0.0,
          -122.0
        ],
        [
          433.36285400390625,
          0.0,
          -131.85101318359375
        ],
        [
          430.7125244140625,
          0.0,
          -141.74217224121094
        ],
        [
          430.7125244140625,
          0.0,
          -152.02471923828125
        ],
        [
          428.0369873046875,
          0.0,
          -162.00997924804688
        ],
        [
          425.3981628417969,
          0.0,
          -171.858154296875
        ],
        [
          425.3981628417969,
          0.0,
          -182.01783752441406
        ],
        [
          425.3981628417969,
          0.0,
          -194.081298828125
        ],
        [
          421.5343017578125,
          0.0,
          -208.50144958496094
        ],
        [
          417.9228515625,
          0.0,
          -221.9795684814453
        ],
        [
          414.2601318359375,
          0.0,
          -235.64903259277344
        ],
        [
          414.2601318359375,
          0.0,
          -252.0020751953125
        ],
        [
          414.2601318359375,
          0.0,
          -268.0021057128906
        ],
        [
          414.2601318359375,
          0.0,
          -284.0021057128906
        ],
        [
          414.2601318359375,
          0.0,
          -302.00189208984375
        ],
        [
          410.5902404785156,
          0.0,
          -315.6981201171875
        ],
        [
          410.5902404785156,
          0.0,
          -328.08050537109375
        ],
        [
          412.67218017578125,
          0.0,
          -335.85040283203125
        ],
        [
          412.67218017578125,
          0.0,
          -342.03662109375
        ]
      ]
    },
    {
      "id": 4,
      "pts": [
        [
          284.0,
          0.0,
          -274.0
        ],
        [
          284.0,
          0.0,
          -253.90025329589844
        ],
        [
          284.0,
          0.0,
          -225.92840576171875
        ],
        [
          284.0,
          0.0,
          -187.78965759277344
        ],
        [
          294.41473388671875,
          0.0,
          -148.92129516601563
        ],
        [
          294.41473388671875,
          0.0,
          -109.9251708984375
        ],
        [
          294.41473388671875,
          0.0,
          -73.91893768310547
        ],
        [
          294.41473388671875,
          0.0,
          -35.92319107055664
        ],
        [
          294.41473388671875,
          0.0,
          -5.902727127075195
        ],
        [
          286.5914306640625,
          0.0,
          23.29417610168457
        ],
        [
          286.5914306640625,
          0.0,
          46.04364776611328
        ],
        [
          286.5914306640625,
          0.0,
          66.00875854492188
        ],
        [
          282.3985900878906,
          0.0,
          81.6566162109375
        ],
        [
          282.3985900878906,
          0.0,
          96.00553894042969
        ],
        [
          282.3985900878906,
          0.0,
          110.00567626953125
        ],
        [
          279.7384033203125,
          0.0,
          119.93357849121094
        ],
        [
          279.7384033203125,
          0.0,
          132.00283813476563
        ],
        [
          279.7384033203125,
          0.0,
          144.0028533935547
        ],
        [
          277.6202392578125,
          0.0,
          151.90789794921875
        ],
        [
          277.6202392578125,
          0.0,
          158.01182556152344
        ],
        [
          277.6202392578125,
          0.0,
          164.01202392578125
        ],
        [
          276.01470947265625,
          0.0,
          170.0039520263672
        ]
      ]
    },
    {
      "id": 5,